Hotel Name,Location,Price(PKR),Rating,Score,Reviews,URL
Elysium Luxury Service Apartment By LMY Facing Centaurus Mall Blue Area Islamabad,"Blue Area, Islamabad","21,600",Exceptional,10,3,https://www.booking.com/hotel/pk/elysium-luxury-service-apartment-by-lmy-facing-centaurus-mall-blue-area-islamaba.html?label=gen173nr-10CAEoggI46AdIM1gEaLUBiAEBmAEzuAEXyAEM2AED6AEB-AEBiAIBqAIBuAKGmMbKBsACAdICJGVlYzgxMzIwLWVjMGUtNDQ0Zi04YWE5LTI1ZDcwZDNhMTg2NdgCAeACAQ&aid=304142&ucfs=1&arphpl=1&checkin=2026-01-01&checkout=2026-01-02&dest_id=-2762812&dest_type=city&group_adults=2&req_adults=2&no_rooms=1&group_children=0&req_children=0&hpos=1&hapos=1&sr_order=popularity&srpvid=5a9d92801ac95893dc386a1c00793838&srepoch=1766958328&all_sr_blocks=1530984702_424622610_0_0_0&highlighted_blocks=1530984702_424622610_0_0_0&matching_block_id=1530984702_424622610_0_0_0&sr_pri_blocks=1530984702_424622610_0_0_0__2160000&from=searchresults
Rhodium Hotel ONE,"G-6 Sector, Islamabad","5,832",Very Good,8.4,86,https://www.booking.com/hotel/pk/rhodium-1.html?label=gen173nr-10CAEoggI46AdIM1gEaLUBiAEBmAEzuAEXyAEM2AED6AEB-AEBiAIBqAIBuAKGmMbKBsACAdICJGVlYzgxMzIwLWVjMGUtNDQ0Zi04YWE5LTI1ZDcwZDNhMTg2NdgCAeACAQ&aid=304142&ucfs=1&arphpl=1&checkin=2026-01-01&checkout=2026-01-02&dest_id=-2762812&dest_type=city&group_adults=2&req_adults=2&no_rooms=1&group_children=0&req_children=0&hpos=2&hapos=2&sr_order=popularity&srpvid=5a9d92801ac95893dc386a1c00793838&srepoch=1766958328&all_sr_blocks=1176208914_391792324_0_0_0&highlighted_blocks=1176208914_391792324_0_0_0&matching_block_id=1176208914_391792324_0_0_0&sr_pri_blocks=1176208914_391792324_0_0_0__583200&from=searchresults
Islamabad Marriott Hotel,Islamabad,"41,900",Very Good,8.4,507,https://www.booking.com/hotel/pk/islamabad-marriott.html?label=gen173nr-10CAEoggI46AdIM1gEaLUBiAEBmAEzuAEXyAEM2AED6AEB-AEBiAIBqAIBuAKGmMbKBsACAdICJGVlYzgxMzIwLWVjMGUtNDQ0Zi04YWE5LTI1ZDcwZDNhMTg2NdgCAeACAQ&aid=304142&ucfs=1&arphpl=1&checkin=2026-01-01&checkout=2026-01-02&dest_id=-2762812&dest_type=city&group_adults=2&req_adults=2&no_rooms=1&group_children=0&req_children=0&hpos=3&hapos=3&sr_order=popularity&srpvid=5a9d92801ac95893dc386a1c00793838&srepoch=1766958328&all_sr_blocks=39924401_118440414_2_1_0&highlighted_blocks=39924401_118440414_2_1_0&matching_block_id=39924401_118440414_2_1_0&sr_pri_blocks=39924401_118440414_2_1_0__4190000&from=searchresults
Movenpick Hotel Centaurus Islamabad,"Blue Area, Islamabad","42,019",Excellent,8.6,390,https://www.booking.com/hotel/pk/movenpick-centaurus-islamabad.html?label=gen173nr-10CAEoggI46AdIM1gEaLUBiAEBmAEzuAEXyAEM2AED6AEB-AEBiAIBqAIBuAKGmMbKBsACAdICJGVlYzgxMzIwLWVjMGUtNDQ0Zi04YWE5LTI1ZDcwZDNhMTg2NdgCAeACAQ&aid=304142&ucfs=1&arphpl=1&checkin=2026-01-01&checkout=2026-01-02&dest_id=-2762812&dest_type=city&group_adults=2&req_adults=2&no_rooms=1&group_children=0&req_children=0&hpos=4&hapos=4&sr_order=popularity&srpvid=5a9d92801ac95893dc386a1c00793838&srepoch=1766958328&all_sr_blocks=1350489203_407397953_2_42_0&highlighted_blocks=1350489203_407397953_2_42_0&matching_block_id=1350489203_407397953_2_42_0&sr_pri_blocks=1350489203_407397953_2_42_0__15000&from=searchresults
Regal Horizon Guest House Islamabad,Islamabad,"2,000",Review score,6.2,63,https://www.booking.com/hotel/pk/the-grand-horizon.html?label=gen173nr-10CAEoggI46AdIM1gEaLUBiAEBmAEzuAEXyAEM2AED6AEB-AEBiAIBqAIBuAKGmMbKBsACAdICJGVlYzgxMzIwLWVjMGUtNDQ0Zi04YWE5LTI1ZDcwZDNhMTg2NdgCAeACAQ&aid=304142&ucfs=1&arphpl=1&checkin=2026-01-01&checkout=2026-01-02&dest_id=-2762812&dest_type=city&group_adults=2&req_adults=2&no_rooms=1&group_children=0&req_children=0&hpos=5&hapos=5&sr_order=popularity&srpvid=5a9d92801ac95893dc386a1c00793838&srepoch=1766958328&all_sr_blocks=1472466301_418591278_3_2_0&highlighted_blocks=1472466301_418591278_3_2_0&matching_block_id=1472466301_418591278_3_2_0&sr_pri_blocks=1472466301_418591278_3_2_0__200000&from=searchresults
"Roomy Signature Hotel, Islamabad","F-6 Sector, Islamabad","25,500",Very Good,8.2,559,https://www.booking.com/hotel/pk/roomy-signature-islamabad.html?label=gen173nr-10CAEoggI46AdIM1gEaLUBiAEBmAEzuAEXyAEM2AED6AEB-AEBiAIBqAIBuAKGmMbKBsACAdICJGVlYzgxMzIwLWVjMGUtNDQ0Zi04YWE5LTI1ZDcwZDNhMTg2NdgCAeACAQ&aid=304142&ucfs=1&arphpl=1&checkin=2026-01-01&checkout=2026-01-02&dest_id=-2762812&dest_type=city&group_adults=2&req_adults=2&no_rooms=1&group_children=0&req_children=0&hpos=6&hapos=6&sr_order=popularity&srpvid=5a9d92801ac95893dc386a1c00793838&srepoch=1766958328&all_sr_blocks=1011554301_423203235_2_1_0_1177557&highlighted_blocks=1011554301_423203235_2_1_0_1177557&matching_block_id=1011554301_423203235_2_1_0_1177557&sr_pri_blocks=1011554301_423203235_2_1_0_1177557_2550000&from=searchresults
The Gateway islamabad,Islamabad,"5,600",Very Good,8.3,157,https://www.booking.com/hotel/pk/the-gateway-islamabad-islamabad.html?label=gen173nr-10CAEoggI46AdIM1gEaLUBiAEBmAEzuAEXyAEM2AED6AEB-AEBiAIBqAIBuAKGmMbKBsACAdICJGVlYzgxMzIwLWVjMGUtNDQ0Zi04YWE5LTI1ZDcwZDNhMTg2NdgCAeACAQ&aid=304142&ucfs=1&arphpl=1&checkin=2026-01-01&checkout=2026-01-02&dest_id=-2762812&dest_type=city&group_adults=2&req_adults=2&no_rooms=1&group_children=0&req_children=0&hpos=7&hapos=7&sr_order=popularity&srpvid=5a9d92801ac95893dc386a1c00793838&srepoch=1766958328&all_sr_blocks=1138554504_386571000_2_1_0&highlighted_blocks=1138554504_386571000_2_1_0&matching_block_id=1138554504_386571000_2_1_0&sr_pri_blocks=1138554504_386571000_2_1_0__560000&from=searchresults
Islamabad Serena Hotel,Islamabad,"42,019",Excellent,8.6,831,https://www.booking.com/hotel/pk/islamabad-serena-islamabad.html?label=gen173nr-10CAEoggI46AdIM1gEaLUBiAEBmAEzuAEXyAEM2AED6AEB-AEBiAIBqAIBuAKGmMbKBsACAdICJGVlYzgxMzIwLWVjMGUtNDQ0Zi04YWE5LTI1ZDcwZDNhMTg2NdgCAeACAQ&aid=304142&ucfs=1&arphpl=1&checkin=2026-01-01&checkout=2026-01-02&dest_id=-2762812&dest_type=city&group_adults=2&req_adults=2&no_rooms=1&group_children=0&req_children=0&hpos=8&hapos=8&sr_order=popularity&srpvid=5a9d92801ac95893dc386a1c00793838&srepoch=1766958328&all_sr_blocks=106810201_381606366_0_41_0&highlighted_blocks=106810201_381606366_0_41_0&matching_block_id=106810201_381606366_0_41_0&sr_pri_blocks=106810201_381606366_0_41_0__15000&from=searchresults
Capital property,"I-8 Sector, Islamabad","21,000",No rating,N/A,N/A,https://www.booking.com/hotel/pk/capital-property.html?label=gen173nr-10CAEoggI46AdIM1gEaLUBiAEBmAEzuAEXyAEM2AED6AEB-AEBiAIBqAIBuAKGmMbKBsACAdICJGVlYzgxMzIwLWVjMGUtNDQ0Zi04YWE5LTI1ZDcwZDNhMTg2NdgCAeACAQ&aid=304142&ucfs=1&arphpl=1&checkin=2026-01-01&checkout=2026-01-02&dest_id=-2762812&dest_type=city&group_adults=2&req_adults=2&no_rooms=1&group_children=0&req_children=0&hpos=9&hapos=9&sr_order=popularity&srpvid=5a9d92801ac95893dc386a1c00793838&srepoch=1766958328&all_sr_blocks=1369186901_409143029_4_0_0&highlighted_blocks=1369186901_409143029_4_0_0&matching_block_id=1369186901_409143029_4_0_0&sr_pri_blocks=1369186901_409143029_4_0_0__2100000&from=searchresults
Durrani Lodges - G11 Islamabad,Islamabad,"2,605",Good,7.7,202,https://www.booking.com/hotel/pk/durrani-lodges-g11-islamabad.html?label=gen173nr-10CAEoggI46AdIM1gEaLUBiAEBmAEzuAEXyAEM2AED6AEB-AEBiAIBqAIBuAKGmMbKBsACAdICJGVlYzgxMzIwLWVjMGUtNDQ0Zi04YWE5LTI1ZDcwZDNhMTg2NdgCAeACAQ&aid=304142&ucfs=1&arphpl=1&checkin=2026-01-01&checkout=2026-01-02&dest_id=-2762812&dest_type=city&group_adults=2&req_adults=2&no_rooms=1&group_children=0&req_children=0&hpos=10&hapos=10&sr_order=popularity&srpvid=5a9d92801ac95893dc386a1c00793838&srepoch=1766958328&all_sr_blocks=1243481003_0_2_0_0&highlighted_blocks=1243481003_0_2_0_0&matching_block_id=1243481003_0_2_0_0&sr_pri_blocks=1243481003_0_2_0_0__260516&from=searchresults
Shelton Boulevard Islamabad,"F-7 Sector, Islamabad","11,120",Very Good,8.3,214,https://www.booking.com/hotel/pk/shelton-boulevard-islamabad.html?label=gen173nr-10CAEoggI46AdIM1gEaLUBiAEBmAEzuAEXyAEM2AED6AEB-AEBiAIBqAIBuAKGmMbKBsACAdICJGVlYzgxMzIwLWVjMGUtNDQ0Zi04YWE5LTI1ZDcwZDNhMTg2NdgCAeACAQ&aid=304142&ucfs=1&arphpl=1&checkin=2026-01-01&checkout=2026-01-02&dest_id=-2762812&dest_type=city&group_adults=2&req_adults=2&no_rooms=1&group_children=0&req_children=0&hpos=11&hapos=11&sr_order=popularity&srpvid=5a9d92801ac95893dc386a1c00793838&srepoch=1766958328&all_sr_blocks=1193516001_391652465_0_1_0&highlighted_blocks=1193516001_391652465_0_1_0&matching_block_id=1193516001_391652465_0_1_0&sr_pri_blocks=1193516001_391652465_0_1_0__1112000&from=searchresults
Durrani Executive - Islamabad F10,Islamabad,"3,570",Good,7.8,217,https://www.booking.com/hotel/pk/durrani-executive.html?label=gen173nr-10CAEoggI46AdIM1gEaLUBiAEBmAEzuAEXyAEM2AED6AEB-AEBiAIBqAIBuAKGmMbKBsACAdICJGVlYzgxMzIwLWVjMGUtNDQ0Zi04YWE5LTI1ZDcwZDNhMTg2NdgCAeACAQ&aid=304142&ucfs=1&arphpl=1&checkin=2026-01-01&checkout=2026-01-02&dest_id=-2762812&dest_type=city&group_adults=2&req_adults=2&no_rooms=1&group_children=0&req_children=0&hpos=12&hapos=12&sr_order=popularity&srpvid=5a9d92801ac95893dc386a1c00793838&srepoch=1766958328&all_sr_blocks=1340005203_408487933_0_42_0&highlighted_blocks=1340005203_408487933_0_42_0&matching_block_id=1340005203_408487933_0_42_0&sr_pri_blocks=1340005203_408487933_0_42_0__357000&from=searchresults
MELBERRY Guest House,"F-7 Sector, Islamabad","6,480",Very Good,8.2,8,https://www.booking.com/hotel/pk/melberry-house-islamabad1.html?label=gen173nr-10CAEoggI46AdIM1gEaLUBiAEBmAEzuAEXyAEM2AED6AEB-AEBiAIBqAIBuAKGmMbKBsACAdICJGVlYzgxMzIwLWVjMGUtNDQ0Zi04YWE5LTI1ZDcwZDNhMTg2NdgCAeACAQ&aid=304142&ucfs=1&arphpl=1&checkin=2026-01-01&checkout=2026-01-02&dest_id=-2762812&dest_type=city&group_adults=2&req_adults=2&no_rooms=1&group_children=0&req_children=0&hpos=13&hapos=13&sr_order=popularity&srpvid=5a9d92801ac95893dc386a1c00793838&srepoch=1766958328&all_sr_blocks=1355126404_408425363_0_0_0&highlighted_blocks=1355126404_408425363_0_0_0&matching_block_id=1355126404_408425363_0_0_0&sr_pri_blocks=1355126404_408425363_0_0_0__648000&from=searchresults
"Envoy Continental Hotel, Blue Area, Islamabad","Blue Area, Islamabad","17,999",Very Good,8.4,768,https://www.booking.com/hotel/pk/envoy-continental.html?label=gen173nr-10CAEoggI46AdIM1gEaLUBiAEBmAEzuAEXyAEM2AED6AEB-AEBiAIBqAIBuAKGmMbKBsACAdICJGVlYzgxMzIwLWVjMGUtNDQ0Zi04YWE5LTI1ZDcwZDNhMTg2NdgCAeACAQ&aid=304142&ucfs=1&arphpl=1&checkin=2026-01-01&checkout=2026-01-02&dest_id=-2762812&dest_type=city&group_adults=2&req_adults=2&no_rooms=1&group_children=0&req_children=0&hpos=14&hapos=14&sr_order=popularity&srpvid=5a9d92801ac95893dc386a1c00793838&srepoch=1766958328&all_sr_blocks=112469023_247141980_2_1_0&highlighted_blocks=112469023_247141980_2_1_0&matching_block_id=112469023_247141980_2_1_0&sr_pri_blocks=112469023_247141980_2_1_0__1799875&from=searchresults
The Guest House Islamabad,"G-9 Sector, Islamabad","2,500",Wonderful,9.2,34,https://www.booking.com/hotel/pk/podu-guest-house.html?label=gen173nr-10CAEoggI46AdIM1gEaLUBiAEBmAEzuAEXyAEM2AED6AEB-AEBiAIBqAIBuAKGmMbKBsACAdICJGVlYzgxMzIwLWVjMGUtNDQ0Zi04YWE5LTI1ZDcwZDNhMTg2NdgCAeACAQ&aid=304142&ucfs=1&arphpl=1&checkin=2026-01-01&checkout=2026-01-02&dest_id=-2762812&dest_type=city&group_adults=2&req_adults=2&no_rooms=1&group_children=0&req_children=0&hpos=15&hapos=15&sr_order=popularity&srpvid=5a9d92801ac95893dc386a1c00793838&srepoch=1766958328&all_sr_blocks=1541018903_425500252_3_0_0&highlighted_blocks=1541018903_425500252_3_0_0&matching_block_id=1541018903_425500252_3_0_0&sr_pri_blocks=1541018903_425500252_3_0_0__250000&from=searchresults
Royal Continental,"F-6 Sector, Islamabad","5,103",Very Good,8.5,152,https://www.booking.com/hotel/pk/royal-continental.html?label=gen173nr-10CAEoggI46AdIM1gEaLUBiAEBmAEzuAEXyAEM2AED6AEB-AEBiAIBqAIBuAKGmMbKBsACAdICJGVlYzgxMzIwLWVjMGUtNDQ0Zi04YWE5LTI1ZDcwZDNhMTg2NdgCAeACAQ&aid=304142&ucfs=1&arphpl=1&checkin=2026-01-01&checkout=2026-01-02&dest_id=-2762812&dest_type=city&group_adults=2&req_adults=2&no_rooms=1&group_children=0&req_children=0&hpos=16&hapos=16&sr_order=popularity&srpvid=5a9d92801ac95893dc386a1c00793838&srepoch=1766958328&all_sr_blocks=230044507_335365701_0_2_0&highlighted_blocks=230044507_335365701_0_2_0&matching_block_id=230044507_335365701_0_2_0&sr_pri_blocks=230044507_335365701_0_2_0__510300&from=searchresults
Shelton's Ambassador Hotel Blue Area,"Blue Area, Islamabad","17,600",Very Good,8.5,226,https://www.booking.com/hotel/pk/shelton-blue-area.html?label=gen173nr-10CAEoggI46AdIM1gEaLUBiAEBmAEzuAEXyAEM2AED6AEB-AEBiAIBqAIBuAKGmMbKBsACAdICJGVlYzgxMzIwLWVjMGUtNDQ0Zi04YWE5LTI1ZDcwZDNhMTg2NdgCAeACAQ&aid=304142&ucfs=1&arphpl=1&checkin=2026-01-01&checkout=2026-01-02&dest_id=-2762812&dest_type=city&group_adults=2&req_adults=2&no_rooms=1&group_children=0&req_children=0&hpos=17&hapos=17&sr_order=popularity&srpvid=5a9d92801ac95893dc386a1c00793838&srepoch=1766958328&all_sr_blocks=1337364703_406188395_2_1_0&highlighted_blocks=1337364703_406188395_2_1_0&matching_block_id=1337364703_406188395_2_1_0&sr_pri_blocks=1337364703_406188395_2_1_0__1760000&from=searchresults
Margalla Hills Residency Islamabad,"E-11 Sector, Islamabad","4,820",Wonderful,9.2,9,https://www.booking.com/hotel/pk/deluxe-islamabad-islamabad.html?label=gen173nr-10CAEoggI46AdIM1gEaLUBiAEBmAEzuAEXyAEM2AED6AEB-AEBiAIBqAIBuAKGmMbKBsACAdICJGVlYzgxMzIwLWVjMGUtNDQ0Zi04YWE5LTI1ZDcwZDNhMTg2NdgCAeACAQ&aid=304142&ucfs=1&arphpl=1&checkin=2026-01-01&checkout=2026-01-02&dest_id=-2762812&dest_type=city&group_adults=2&req_adults=2&no_rooms=1&group_children=0&req_children=0&hpos=18&hapos=18&sr_order=popularity&srpvid=5a9d92801ac95893dc386a1c00793838&srepoch=1766958328&all_sr_blocks=1525064602_424136847_4_2_0&highlighted_blocks=1525064602_424136847_4_2_0&matching_block_id=1525064602_424136847_4_2_0&sr_pri_blocks=1525064602_424136847_4_2_0__481950&from=searchresults
La Maison Islamabad,Islamabad,"10,125",Excellent,8.6,368,https://www.booking.com/hotel/pk/la-maison.html?label=gen173nr-10CAEoggI46AdIM1gEaLUBiAEBmAEzuAEXyAEM2AED6AEB-AEBiAIBqAIBuAKGmMbKBsACAdICJGVlYzgxMzIwLWVjMGUtNDQ0Zi04YWE5LTI1ZDcwZDNhMTg2NdgCAeACAQ&aid=304142&ucfs=1&arphpl=1&checkin=2026-01-01&checkout=2026-01-02&dest_id=-2762812&dest_type=city&group_adults=2&req_adults=2&no_rooms=1&group_children=0&req_children=0&hpos=19&hapos=19&sr_order=popularity&srpvid=5a9d92801ac95893dc386a1c00793838&srepoch=1766958328&all_sr_blocks=943495002_413453661_2_41_0&highlighted_blocks=943495002_413453661_2_41_0&matching_block_id=943495002_413453661_2_41_0&sr_pri_blocks=943495002_413453661_2_41_0__1012500&from=searchresults
Arizona Lodge 2,"F-8 Sector, Islamabad","5,558",Good,7.6,25,https://www.booking.com/hotel/pk/arizona-lodge-2-islamabad.html?label=gen173nr-10CAEoggI46AdIM1gEaLUBiAEBmAEzuAEXyAEM2AED6AEB-AEBiAIBqAIBuAKGmMbKBsACAdICJGVlYzgxMzIwLWVjMGUtNDQ0Zi04YWE5LTI1ZDcwZDNhMTg2NdgCAeACAQ&aid=304142&ucfs=1&arphpl=1&checkin=2026-01-01&checkout=2026-01-02&dest_id=-2762812&dest_type=city&group_adults=2&req_adults=2&no_rooms=1&group_children=0&req_children=0&hpos=20&hapos=20&sr_order=popularity&srpvid=5a9d92801ac95893dc386a1c00793838&srepoch=1766958328&all_sr_blocks=1472258501_418563276_2_42_0&highlighted_blocks=1472258501_418563276_2_42_0&matching_block_id=1472258501_418563276_2_42_0&sr_pri_blocks=1472258501_418563276_2_42_0__555750&from=searchresults
Shelton's Rezidor House F-7 Islamabad,"F-7 Sector, Islamabad","13,200",Exceptional,9.6,13,https://www.booking.com/hotel/pk/shelton-islamabad.html?label=gen173nr-10CAEoggI46AdIM1gEaLUBiAEBmAEzuAEXyAEM2AED6AEB-AEBiAIBqAIBuAKGmMbKBsACAdICJGVlYzgxMzIwLWVjMGUtNDQ0Zi04YWE5LTI1ZDcwZDNhMTg2NdgCAeACAQ&aid=304142&ucfs=1&arphpl=1&checkin=2026-01-01&checkout=2026-01-02&dest_id=-2762812&dest_type=city&group_adults=2&req_adults=2&no_rooms=1&group_children=0&req_children=0&hpos=21&hapos=21&sr_order=popularity&srpvid=5a9d92801ac95893dc386a1c00793838&srepoch=1766958328&all_sr_blocks=1529047302_424464016_2_1_0&highlighted_blocks=1529047302_424464016_2_1_0&matching_block_id=1529047302_424464016_2_1_0&sr_pri_blocks=1529047302_424464016_2_1_0__1320000&from=searchresults
Blue Moon Residency Jinnah Super,"F-6 Sector, Islamabad","10,566",Very Good,8.4,428,https://www.booking.com/hotel/pk/bm-executive-reaidency.html?label=gen173nr-10CAEoggI46AdIM1gEaLUBiAEBmAEzuAEXyAEM2AED6AEB-AEBiAIBqAIBuAKGmMbKBsACAdICJGVlYzgxMzIwLWVjMGUtNDQ0Zi04YWE5LTI1ZDcwZDNhMTg2NdgCAeACAQ&aid=304142&ucfs=1&arphpl=1&checkin=2026-01-01&checkout=2026-01-02&dest_id=-2762812&dest_type=city&group_adults=2&req_adults=2&no_rooms=1&group_children=0&req_children=0&hpos=22&hapos=22&sr_order=popularity&srpvid=5a9d92801ac95893dc386a1c00793838&srepoch=1766958328&all_sr_blocks=911676710_362478296_2_1_0&highlighted_blocks=911676710_362478296_2_1_0&matching_block_id=911676710_362478296_2_1_0&sr_pri_blocks=911676710_362478296_2_1_0__1056600&from=searchresults
Rose Lodges Guest House G-9 Peshawar Mor Islamabad,"G-9 Sector, Islamabad","2,486",Review score,5.0,33,https://www.booking.com/hotel/pk/rose-lodges-guest-house-islamabad.html?label=gen173nr-10CAEoggI46AdIM1gEaLUBiAEBmAEzuAEXyAEM2AED6AEB-AEBiAIBqAIBuAKGmMbKBsACAdICJGVlYzgxMzIwLWVjMGUtNDQ0Zi04YWE5LTI1ZDcwZDNhMTg2NdgCAeACAQ&aid=304142&ucfs=1&arphpl=1&checkin=2026-01-01&checkout=2026-01-02&dest_id=-2762812&dest_type=city&group_adults=2&req_adults=2&no_rooms=1&group_children=0&req_children=0&hpos=23&hapos=23&sr_order=popularity&srpvid=5a9d92801ac95893dc386a1c00793838&srepoch=1766958328&all_sr_blocks=1219368401_403466762_2_0_0_704038&highlighted_blocks=1219368401_403466762_2_0_0_704038&matching_block_id=1219368401_403466762_2_0_0_704038&sr_pri_blocks=1219368401_403466762_2_0_0_704038_248625&from=searchresults
Oriole Luxury Hotel,"G-9 Sector, Islamabad","2,747",Review score,5.9,111,https://www.booking.com/hotel/pk/oriole-luxury.html?label=gen173nr-10CAEoggI46AdIM1gEaLUBiAEBmAEzuAEXyAEM2AED6AEB-AEBiAIBqAIBuAKGmMbKBsACAdICJGVlYzgxMzIwLWVjMGUtNDQ0Zi04YWE5LTI1ZDcwZDNhMTg2NdgCAeACAQ&aid=304142&ucfs=1&arphpl=1&checkin=2026-01-01&checkout=2026-01-02&dest_id=-2762812&dest_type=city&group_adults=2&req_adults=2&no_rooms=1&group_children=0&req_children=0&hpos=24&hapos=24&sr_order=popularity&srpvid=5a9d92801ac95893dc386a1c00793838&srepoch=1766958328&all_sr_blocks=957992701_368398866_2_0_0&highlighted_blocks=957992701_368398866_2_0_0&matching_block_id=957992701_368398866_2_0_0&sr_pri_blocks=957992701_368398866_2_0_0__274712&from=searchresults
Montressa Highrise Executive Serviced Apartments Opposite Centaurus Mall Islamabad,"Blue Area, Islamabad","28,800",Exceptional,10,7,https://www.booking.com/hotel/pk/jsjsisizi.html?label=gen173nr-10CAEoggI46AdIM1gEaLUBiAEBmAEzuAEXyAEM2AED6AEB-AEBiAIBqAIBuAKGmMbKBsACAdICJGVlYzgxMzIwLWVjMGUtNDQ0Zi04YWE5LTI1ZDcwZDNhMTg2NdgCAeACAQ&aid=304142&ucfs=1&arphpl=1&checkin=2026-01-01&checkout=2026-01-02&dest_id=-2762812&dest_type=city&group_adults=2&req_adults=2&no_rooms=1&group_children=0&req_children=0&hpos=25&hapos=25&sr_order=popularity&srpvid=5a9d92801ac95893dc386a1c00793838&srepoch=1766958328&all_sr_blocks=1536437506_425119581_3_0_0&highlighted_blocks=1536437506_425119581_3_0_0&matching_block_id=1536437506_425119581_3_0_0&sr_pri_blocks=1536437506_425119581_3_0_0__2880000&from=searchresults
